3,5,4,2
3,5,4,2
3,5,4,2
3,5,4,2
3,5,4,2
3,5,4,2
3,5,4,2
3,5,4,2
3,5,4,2
3,5,4,2
3,4,5,1
3,4,5,1
3,4,5,1
3,4,5,1
3,4,5,1
3,4,5,1
3,4,5,1
3,4,5,1
3,4,5,1
3,4,5,1
3,4,5
7,9,8
3,4,5
7,9,8
3,4,5
7,9,8
3,4,5
7,9,8
3,4,5
7,9,8
3,4,5
7,9,8
3,4,5
7,9,8
3,4,5
7,9,8
3,4,5
7,9,8
3,4,5
7,9,8
3,4,5
7,8
3,4,5
7,8
3,4,5
7,8
3,4,5
7,8
3,4,5
7,8
3,4,5
7,8
3,4,5
7,8
3,4,5
7,8
3,4,5
7,8
3,4,5
7,8
3,4
7,9
3,4
7,9
3,4
7,9
3,4
7,9
3,4
7,9
3,4
7,9
3,4
7,9
3,4
7,9
3,4
7,9
3,4
7,9
5,6,4
7,8,9
5,6,4
7,8,9
5,6,4
7,8,9
5,6,4
7,8,9
5,6,4
7,8,9
5,6,4
7,8,9
5,6,4
7,8,9
5,6,4
7,8,9
5,6,4
7,8,9
5,6,4
7,8,9
1,2
3,4
9,10
3,4
9,10
3,4
9,10
3,4
9,10
3,4
9,10
3,4
9,10
3,4
9,10
3,4
9,10
3,4
9,10
3,4
9,10
3,4
6,7
3,4
6,7
3,4
6,7
3,4
6,7
3,4
6,7
3,4
6,7
3,4
6,7
3,4
6,7
3,4
6,7
3,4
6,7
3,4,5,9
6,7
3,4,5,9
6,7
3,4,5,9
6,7
3,4,5,9
6,7
3,4,5,9
6,7
3,4,5,9
6,7
3,4,5,9
6,7
3,4,5,9
6,7
3,4,5,9
6,7
3,4,5,9
6,7
1,2
3,4,6
1,2
3,4,6
1,2
3,4,6
1,2
3,4,6
1,2
3,4,6
1,2
3,4,6
1,2
3,4,6
1,2
3,4,6
1,2
3,4,6
1,2
3,4,6
